CampaignID,Clicks,Impressions,Conversions,OnlineTimeHours,Revenue
1,4904,9391,7479,50.03,5574.0052
2,6610,3510,3231,91.72,5913.031
3,9366,4787,3089,13.86,154.0251
4,2007,3262,8534,23.16,5881.505
5,8772,1781,2812,4.28,7236.8052
6,5010,5708,1195,20.27,1764.2871
7,9986,6826,3913,43.14,1896.6828
8,5170,2169,2189,64.66,7815.8355
9,1212,463,9155,85.47,6711.9145
10,7601,6288,1098,48.23,6113.0447
11,9992,2264,3977,62.05,7647.746
12,178,3898,3981,13.31,3428.714
13,3621,4789,7946,64.17,9009.2846
14,1689,4944,9499,11.28,1071.7383
15,8207,8220,1656,3.06,9005.1409
16,7797,1583,756,26.91,8161.9624
17,6208,8220,7260,80.78,468.1612
18,523,123,7842,9.81,2659.4458
19,5283,8193,9640,54.62,1517.0979
20,7201,8074,4076,70.44,9663.5969
21,8110,,308,71.16,3286.2079
22,9286,9190,5730,57.89,6558.1558
23,9723,5551,8452,32.71,5935.483
24,5149,197,1578,13.86,356.1413
25,947,1165,7865,94.69,3211.8124
26,8382,4233,7941,20.96,7374.0541
27,3355,7185,7556,25.13,7172.826
28,3880,2671,267,5.09,3614.7407
29,7759,2188,8312,34.09,8547.0558
30,7077,,1875,65.49,3981.13
31,6875,8650,6704,47.49,8428.3543
32,5132,986,1022,82.34,25.6823
33,6504,8026,5197,82.74,8606.9655
34,7591,8596,1198,97.39,3349.0058
35,5081,2748,8412,44.7,5428.6299
36,6031,9594,3497,54.72,6295.7627
37,3859,2164,7928,39.8,1620.6454
38,2095,3193,2496,61.04,1289.3067
39,1492,2888,609,86.63,4900.7701
40,4235,6027,3345,74.26,5254.0169
41,4517,7028,1761,53.18,7824.8698
42,5242,3103,4744,83.37,1449.8977
43,2495,217,9684,44.54,6131.0678
44,8983,8187,6520,45.4,7011.018
45,3134,207,8053,82.15,2255.3344
46,2617,3478,7455,95.86,485.8284
47,7391,7089,8581,40.71,244.0485
48,5529,8907,5193,36.78,9379.4956
49,4955,3775,2792,83.72,4631.9794
50,7944,2430,50,55.21,9187.2767
51,1101,3415,4734,56.63,4487.6373
52,8013,5181,1621,74.62,2167.3393
53,8402,3673,7442,95.31,3498.8468
54,9700,,7254,80.38,9075.1853
55,2817,2436,7867,1.21,7757.3326
56,8145,2648,1975,58.37,1609.2341
57,318,5146,5064,46.98,6597.0139
58,570,9418,8920,19.71,9737.8954
59,5815,2760,2882,54.11,1630.8099
60,2257,8068,8402,63.06,1108.0453
61,8905,4898,583,72.53,5750.3759
62,2078,3562,7594,93.69,4077.1349
63,5702,7089,1992,2.28,8007.5685
64,5183,1438,2322,26.99,1724.0905
65,1805,8962,4351,20.24,6200.3933
66,7407,3262,4010,53.6,4288.2345
67,5707,7011,6173,46.63,8442.7222
68,2024,7402,2840,6.03,2354.6928
69,1718,7831,5440,13,2569.6132
70,4573,72,3414,86.22,9614.9277
71,9222,,2655,89.6,1884.8054
72,2599,1551,8977,67.9,7151.4159
73,8881,3309,907,66.62,9303.3684
74,5174,5176,3211,72.81,5486.7448
75,1729,1868,4923,70.86,619.4591
76,5979,5853,8224,28.65,9899.4886
77,5715,3835,9979,70.89,5351.3469
78,1656,6680,3464,59.66,9028.0809
79,9852,6913,5104,38.48,7123.5202
80,7306,9447,8244,68.19,6561.0927
81,7293,2300,5992,29.8,8686.1256
82,7030,5425,6945,96.85,3222.1775
83,9650,5438,3226,42.14,3559.4405
84,8153,2851,9784,41.68,2327.9712
85,5867,4862,6095,44.4,7001.716
86,6347,1913,1252,97.44,1450.7192
87,4468,2114,5943,91.9,792.807
88,5615,5463,5609,48.98,5317.2545
89,1841,5413,4208,79.9,4651.3768
90,6164,4648,4205,51.61,2418.9747
91,6983,5427,8902,91.95,7239.2126
92,5779,7502,7830,50.49,1969.8553
93,9786,2753,6334,34.6,2980.7805
94,3080,3021,5980,38.78,513.7399
95,6339,9635,933,87.37,7337.6774
96,6400,568,4096,28.79,1001.7004
97,5743,6138,8013,24,4176.8929
98,9304,8240,2472,95.18,4843.7879
99,8828,8232,6561,32.82,4342.4957
100,3015,8391,5186,80.74,7784.6055
101,5169,8285,5872,70.97,1918.7833
102,1630,8922,6019,42.57,6703.7093
103,2417,5073,683,67.61,4450.5822
104,3213,569,1305,39.32,3598.1147
105,7199,8626,2423,61.19,3153.0579
106,9793,5165,8646,43.07,5328.6725
107,9210,8861,1357,70.26,8773.0244
108,9244,7218,5162,30.29,980.16
109,5818,6266,9818,42.91,1237.858
110,3382,3783,7384,31.57,1477.9777
111,3600,6649,9626,53.74,7184.6909
112,3107,2713,5171,88.9,6445.4149
113,7923,519,3562,14.23,7217.0943
114,2732,9704,8872,96.53,5112.2898
115,7514,6681,423,32.56,5946.2514
116,513,8553,8084,42.13,1255.5517
117,308,8772,6236,98.06,9372.283
118,8165,158,3714,48.72,826.2952
119,6072,7869,685,75.91,4055.2572
120,7987,4870,3107,68.39,3110.3123
121,8178,764,7500,4.99,2927.2706
122,4752,5303,1639,17.89,2266.0149
123,7174,6427,2541,38.01,4984.9053
124,3140,4769,7699,65.2,3945.1186
125,5952,7198,7256,87.89,9063.8866
126,7167,6205,6818,28.43,8060.2908
127,7092,3160,4740,75.37,5280.3364
128,1323,2085,1524,40.59,6634.637
129,813,7049,3219,53.65,7007.4587
130,8973,2721,1454,62.47,9776.5795
131,7791,8657,3185,29.45,5355.7708
132,6451,6571,9811,74.54,2771.3084
133,7004,9923,4500,61.12,4783.7254
134,801,5491,9142,96.3,1687.8981
135,7420,4508,7113,46.72,1211.7766
136,2839,3464,8266,16.84,7415.9647
137,1303,4531,8902,19.11,2033.4335
138,9322,1105,6129,65.95,9991.6597
139,6150,3693,7236,89.85,2136.6992
140,2571,5128,8499,7.93,8453.5055
141,8301,1838,6749,23.27,3091.9592
142,1980,7014,6341,98.16,6999.2848
143,6670,5057,4109,39.09,1405.7232
144,3306,4278,3407,87.87,822.0113
145,5960,3171,7930,3.01,454.2402
146,4759,7978,5912,87.56,3034.9561
147,8366,5322,392,90.39,6673.5926
148,7917,640,8749,72.81,9865.4404
149,6456,1294,1553,6.62,4504.2661
150,5385,1570,6240,12.08,6710.2447
151,2979,4392,9745,61.46,559.9667
152,3871,6533,9056,65.98,9353.6401
153,1933,1949,2642,5.75,1157.2135
154,3311,8578,9889,91.98,5335.1339
155,9865,2439,8056,11.87,4099.0976
156,223,7381,8115,26.14,8115.3603
157,329,9081,657,31.54,8096.8766
158,3467,2596,4736,44.08,8627.3239
159,6549,8530,8966,16.51,489.8502
160,6713,1894,7161,30,6270.0991
161,6994,8198,9491,5.82,9674.9312
162,4093,8359,13,60,33.2231
163,7368,1450,6682,32.52,4367.2077
164,2402,9791,8811,36.29,644.6448
165,4505,4802,6138,43.81,4022.4111
166,9166,9749,5846,98.18,2812.0275
167,2097,9428,448,42.39,7089.0148
168,6743,4052,9639,74.58,4046.9817
169,3958,6879,7262,2.32,4504.1333
170,4659,292,5021,53.65,9000.7806
171,3306,3515,8050,68.15,4946.3914
172,1860,4763,2373,13.69,8951.5046
173,4424,1208,4135,88.9,8230.5534
174,4114,8235,9213,16.85,5044.7307
175,4615,7902,2524,3.08,8813.6225
176,2753,3933,3527,60.6,1038.636
177,434,1571,9706,79.85,2053.1765
178,7883,5740,6200,86.07,2824.2791
179,9545,478,4706,37.9,8548.8941
180,9941,8975,8965,8.11,5903.8288
181,8786,7261,2918,81.59,8608.6383
182,7751,3568,1143,26,5977.7116
183,1172,4929,8983,65.31,4624.7733
184,7654,3138,434,76.52,4950.2579
185,8303,947,1419,12.81,4603.9786
186,7915,11,5170,62.99,8497.5211
187,8559,1781,7493,5.5,6777.8122
188,1981,8506,3255,45.78,6881.0943
189,7545,1165,6447,26.68,8322.0013
190,2363,4725,4024,29.36,5276.0679
191,9062,1584,3026,26.24,1500.9894
192,3455,4440,1647,4.03,3322.3925
193,9999,2406,3526,17.15,4462.9049
194,8019,4343,436,67.76,802.6251
195,4802,2105,8368,14.72,4567.4942
196,7236,4080,1522,91.35,3409.2052
197,6230,6673,1132,99.64,5323.1088
198,1433,5579,4561,11.4,896.4718
199,8974,7083,9109,52.53,5052.9849
200,9660,760,7441,74.27,7054.8539
201,1041,7984,2763,10.28,7129.4719
202,4847,2163,1481,48.6,1870.9793
203,6078,9579,6020,4.26,8421.3037
204,5120,7674,5525,36.97,7520.0947
205,3641,4245,3485,22.99,3015.7299
206,5870,8326,5440,99.72,9388.0119
207,667,1136,9223,37.01,9210.7258
208,7316,9583,2525,46.19,8999.6497
209,2427,2973,2266,97.68,3904.588
210,1756,2701,7918,35.48,8879.6012
211,5978,3408,7674,66.62,6177.4181
212,1132,9653,2755,29.45,6003.5844
213,7676,3487,9525,6.77,2993.7419
214,9371,3579,6904,88.2,2250.467
215,3740,6279,1283,3.35,7506.7789
216,9666,259,602,92.39,3934.4056
217,1883,8857,7252,67.92,6567.3464
218,7170,380,7610,17.57,8419.0715
219,6491,4836,3494,84.5,7664.3501
220,9897,569,3879,24.93,1283.4432
221,7529,5198,4170,41.65,954.085
222,2862,9851,8419,6.54,7869.7383
223,1156,7003,4588,47.22,9009.7088
224,2051,9052,2932,5.75,3392.668
225,2524,7429,2765,99.08,7428.2796
226,54,405,4504,4.14,3589.9927
227,2305,8088,4959,34.3,6649.3466
228,6576,4300,9859,11.31,1080.6375
229,1425,9026,8201,20.35,6269.7744
230,1517,7695,4946,53.94,1620.1481
231,2093,9458,1719,61.85,7786.9914
232,491,1169,1590,55.75,458.625
233,7662,8837,2458,1.92,8339.7666
234,6780,7104,4677,16.42,1294.999
235,8460,7488,9340,84.59,1492.8539
236,7681,477,7949,31.48,8802.0379
237,2986,1023,3536,60.22,5323.0991
238,8140,9129,3797,19.64,2850.3685
239,7231,4163,9604,57.1,2355.674
240,4118,4486,3005,88.92,8347.9842
241,9984,4919,7698,52.7,9753.184
242,6642,8154,8006,70.75,6090.4024
243,6825,2396,4089,87.57,4606.8579
244,9838,2630,191,95.32,3466.157
245,336,5452,7193,94.88,9331.2927
246,8182,1671,5850,59.33,4284.0238
247,6994,7275,7806,81.43,2428.6588
248,9966,540,9101,39.36,4693.809
249,1370,7288,910,9.48,3287.2937
250,9464,5236,4883,90.13,8284.2952
251,787,3666,4897,76.22,1892.4764
252,9700,54,731,82.02,419.3546
253,546,495,2710,46.67,3655.2371
254,7859,257,9877,75.78,5989.1832
255,8503,8740,432,88.82,71.6567
256,328,2094,1710,56.15,3927.2533
257,1644,8324,9551,36.43,1111.0899
258,9939,9274,7937,58.98,9808.8724
259,474,3205,7687,17.57,7441.673
260,5536,1441,531,13.26,3860.4636
261,3528,1343,8029,38.33,6890.8526
262,7760,3932,3322,34.15,613.7075
263,4539,8362,8952,96.54,5817.8246
264,8406,4343,9659,24.31,9474.8267
265,5354,4935,3372,10.88,4582.6517
266,7067,9408,4522,65.75,7822.6203
267,4444,9013,2192,50.36,5717.3369
268,4078,4292,948,42.26,9359.9395
269,9903,2614,3439,28.33,17.6015
270,3705,6438,4139,93.11,6920.6217
271,8346,2415,7572,9.97,875.833
272,4814,9465,5976,40.96,1344.8197
273,3394,4295,1699,14.41,3172.5928
274,2415,1292,6069,78.29,2015.014
275,8451,3729,2362,40.04,9148.9085
276,5084,6786,3840,42.43,7276.8603
277,3417,5512,9345,1.82,2001.9694
278,6511,3671,9257,97.01,8104.2569
279,7870,2268,2787,55.49,6639.9516
280,1973,4451,6578,98.06,8732.6242
281,1220,316,9145,60.42,158.2562
282,4798,7547,7883,69.72,6038.0844
283,8643,591,6779,92.03,3423.8753
284,1581,3824,4931,70.32,974.8656
285,1456,3480,6904,76.95,9306.8667
286,370,2147,4149,1.38,1567.7211
287,15,9482,2864,69.91,9621.8544
288,5658,6781,4257,76.36,6439.9733
289,657,9786,7143,29.06,2413.8581
290,3866,7517,7570,63.9,1020.6811
291,5026,6578,8985,74.43,5764.8741
292,5547,1355,4343,95.82,3235.9262
293,3244,1230,2539,88.04,6017.5036
294,969,9745,5164,11.75,7069.365
295,9193,6595,6870,73.6,9954.8652
296,4177,8787,2276,67.29,8727.2946
297,3510,2811,7776,58.88,8304.4358
298,9145,1586,2081,63.41,5842.0724
299,5625,5002,5673,18.48,7913.9404
300,7203,5825,7775,93.57,4240.6851
301,5652,4373,3479,58.1,6157.6556
302,2490,9889,217,54.81,4041.5231
303,4537,7173,6167,50.99,8529.9171
304,7615,6883,8320,29.65,8.4065
305,7518,2944,3006,4.31,2887.6951
306,2472,4525,7157,96.02,2871.0385
307,1141,1699,5863,95.57,1612.4172
308,9667,3446,2341,18.81,8828.0206
309,4883,1171,4945,20.13,1202.4889
310,1233,9086,5379,95.15,2664.374
311,883,1981,6159,26.82,1928.8754
312,107,7609,7267,75.44,1188.9353
313,5997,9516,1716,84.93,5482.4652
314,3172,9679,9225,47.86,2005.4535
315,369,8682,5876,87.64,2993.802
316,9800,6188,8639,56.07,692.7136
317,1988,3918,2636,89.84,3323.9609
318,3794,5238,5302,36.85,8846.2779
319,2448,4277,7459,18.59,583.7537
320,3721,8805,2277,64.3,5816.2542
321,5439,8252,3451,26.76,2486.6055
322,1307,2125,878,46.47,9787.1319
323,9969,5158,239,28.23,8856.8779
324,6279,8100,6537,3.42,9365.2233
325,1961,8394,2491,39.06,30.4312
326,8692,4088,430,63.7,8058.2266
327,2798,5856,5269,66.52,9329.4951
328,9943,3878,4583,62.42,4576.4591
329,5369,9722,7813,95.51,6228.9682
330,4102,6861,3405,28.44,7863.6325
331,1325,6237,5443,93.57,8729.7289
332,848,7878,1189,64.19,3401.0617
333,4533,6481,6320,99.38,5927.2295
334,2867,1344,8874,74.28,8172.7983
335,6542,9538,93,10.85,6815.7167
336,8367,2566,1323,64.82,5072.6113
337,9123,5308,1300,86.03,5390.8159
338,5881,2072,1656,96.15,6712.9295
339,1881,2767,1437,45.61,4573.3558
340,1381,5313,3639,43.54,3976.7643
341,8511,4103,9915,5.61,473.5079
342,6476,3980,1628,66.41,6993.7498
343,3831,8502,8152,72.79,1699.2275
344,199,3129,5732,77.45,6641.7394
345,1824,1133,4905,64.73,875.0858
346,2154,2947,2694,90.26,217.1843
347,1640,2923,434,43.55,2060.9605
348,9040,3195,4853,28.14,3019.9428
349,5042,5385,6628,41.4,1845.061
350,3483,1879,5067,99.9,7075.1471
351,7603,3763,6456,50.58,6799.2631
352,3686,1500,4270,44.02,2941.1606
353,6970,8877,542,94.69,4901.1611
354,7898,468,4596,19.48,4881.5393
355,7642,612,5250,9.69,8219.1421
356,6810,821,4601,74.69,5927.6338
357,4796,5241,161,60.17,1360.6645
358,8042,6497,9420,51.96,8698.3741
359,9732,2049,3063,58.44,2983.6545
360,4030,915,5122,91.74,1472.4275
361,1859,1955,6284,36.61,791.7369
362,5817,4619,9992,57.03,9787.0525
363,3854,9831,1833,96.7,7634.6187
364,7382,6470,245,30.41,2696.5124
365,6311,1718,80,30.83,6376.3204
366,7259,5984,6383,48.67,5838.2246
367,5350,5945,700,65.87,612.0157
368,3035,2694,3930,7.62,3240.0917
369,5691,7236,2921,33.38,9376.1206
370,4212,1464,1043,56.91,6284.4027
371,2752,6503,8040,95.93,4231.7958
372,7303,2159,4647,47.48,8508.842
373,3593,776,5277,33.41,3933.3913
374,9058,3147,2620,28.17,7256.4785
375,4247,3731,9105,90.53,9182.3384
376,5302,3830,5301,31.73,3793.7869
377,2641,8307,7569,79.39,2158.6011
378,3281,581,3453,73.89,2525.9511
379,8010,584,4921,16.89,9370.8796
380,6819,502,9190,16.5,4198.8207
381,1780,3497,5861,62.28,9829.7047
382,412,9207,6469,96.51,6461.5396
383,8038,4894,5635,36.09,8797.5173
384,6923,7144,3537,98.71,1951.1872
385,1113,1875,7808,53.45,6551.4059
386,1843,1168,2920,4.23,1783.158
387,1850,5545,4445,10.93,4894.0996
388,5272,4995,412,41.05,4768.6946
389,1610,579,2618,35.56,5708.2124
390,784,3936,948,19.25,5611.4774
391,1535,793,8645,47.03,7469.575
392,3564,6670,8180,74.16,2643.5921
393,981,1562,9446,6.35,8559.9531
394,331,3192,8361,70.35,6210.0581
395,8292,423,7385,50.49,543.7085
396,4129,1747,1972,57.73,9174.4392
397,6106,2002,9714,92.56,9891.4168
398,8321,5290,6016,37.46,1405.3
399,4118,6104,4098,94.7,6170.1156
400,4260,9726,6864,37.5,7580.3872
401,7432,1109,2696,39.53,1856.6283
402,7877,8039,5439,20.08,6793.2935
403,7258,3280,1364,29.85,2538.0492
404,9027,1214,3504,69.04,6454.4788
405,4108,4766,6605,9.78,8180.6436
406,8190,4130,721,74.89,4847.4936
407,5971,2533,1959,60.88,1273.2805
408,8254,1545,1477,24.26,7373.9433
409,5073,26,7167,18.14,5191.0784
410,7854,2684,3998,94.26,6412.5612
411,7937,9978,4741,46.43,9096.8888
412,696,8429,7511,32.6,8732.4442
413,4797,9946,1446,34.06,3859.6186
414,3721,6529,9446,63.48,8019.9171
415,7446,707,3692,3.14,3941.9605
416,3808,9134,9852,70.67,7913.5567
417,2466,9516,7903,95.77,9005.831
418,949,4032,8381,84.14,6417.3455
419,8570,7575,1505,85.71,1303.7508
420,7928,7147,4503,36.34,9936.2351
421,1223,1542,2771,82.9,1336.747
422,241,8919,1905,40.81,2301.8551
423,4986,5531,1420,43.81,9354.5489
424,1256,2341,5555,91.48,3066.1234
425,3411,195,8210,58.82,2588.9456
426,3129,673,1126,15.46,4362.2129
427,5521,5872,8366,80.19,1588.9705
428,6240,1601,5398,73.24,5398.516
429,2726,1564,4445,26.65,3140.8765
430,8947,3242,2558,92.37,7038.4226
431,8878,8977,8524,92.78,3020.2294
432,9343,8611,6567,91.34,8375.5221
433,153,990,384,57.89,3202.6149
434,646,8434,417,35.02,7247.9628
435,5149,2778,4112,82.97,2602.2126
436,9880,1825,3798,52.42,1986.5125
437,8717,6124,8361,27.42,4197.2897
438,2737,3856,5821,45.26,456.9438
439,2697,665,4104,90.88,1711.7732
440,4862,361,4624,53.98,8377.9186
441,9839,1597,3630,30.69,7072.5586
442,9409,4339,9398,59.26,9351.1907
443,2794,7904,7518,38.99,8354.7883
444,2337,515,9218,12.85,5090.6868
445,1537,7827,8620,90.01,755.4926
446,2616,647,4822,44.68,849.5925
447,4285,4168,338,48,3284.3269
448,8398,4834,7870,6.65,4108.4593
449,9557,9911,9324,74.93,1085.8322
450,2697,1110,8849,26.51,9274.0481
451,3965,5377,6195,48.89,2353.1498
452,5538,6495,1552,17.05,4158.9631
453,7763,4355,589,38.01,8855.2176
454,4172,8886,2243,96.91,1255.1293
455,1697,5682,2164,37.27,2073.5162
456,9827,4235,9822,55.35,4721.156
457,4100,9934,3061,17.23,3985.7741
458,9238,8639,4643,3.51,7965.2749
459,3436,8719,6316,95.98,1055.7571
460,3271,4649,283,30.98,1744.2487
461,6066,7099,9891,48.67,2958.8462
462,6483,7288,4795,82.18,668.8148
463,3572,5977,5150,3.79,6959.9305
464,2530,5151,4410,77.18,4896.8944
465,2649,7412,9068,33.66,790.7066
466,814,3377,4686,26.33,8741.397
467,7799,573,1394,59.51,2120.4297
468,8219,3818,2297,95.79,7071.8862
469,9031,5039,831,56.39,4023.3828
470,4893,1404,3934,58.1,4473.7034
471,3383,1706,2785,90.24,692.3448
472,9704,8575,6733,17.51,8467.9669
473,4121,2381,1931,75.5,1044.0516
474,1481,143,4011,44.03,9817.5311
475,3285,252,2819,93.27,5072.0979
476,3869,5118,7612,6.74,7581.0814
477,4902,3469,345,23.96,4287.5345
478,7455,4089,1099,22.31,3621.3964
479,7146,1082,7284,97.56,1707.7841
480,2840,1762,5070,58.78,7414.1346
481,9108,7243,781,63.03,4587.7254
482,8281,7664,8150,86.79,553.9362
483,7243,6594,6950,91.55,8061.3789
484,2970,4560,2610,89.79,1205.6543
485,2532,3586,3837,62.79,565.3188
486,5583,1716,7270,94.35,3443.2257
487,1624,8501,7251,84.66,2648.0189
488,1694,164,1520,59.54,9119.6371
489,155,7706,7187,39.86,8529.9213
490,5772,6621,1997,92.69,2304.6331
491,4145,4951,9258,31.6,6286.9891
492,8304,5132,3799,46.74,9624.3648
493,1171,2720,5605,50.62,3694.9084
494,5489,5125,2244,32.46,556.4681
495,9396,7878,341,96.86,702.4489
496,9559,161,9929,94.2,1924.1819
497,6302,3105,7259,85.52,2676.487
498,2687,7069,7381,20.17,3144.1613
499,1270,3944,3540,57.41,742.9289
500,202,1795,1079,39.29,1518.7618
501,8659,2292,4369,5.69,5664.2885
502,7668,2269,1426,11.69,8596.9351
503,1407,8542,4821,85.79,5656.5647
504,4226,3685,4465,53.25,119.8265
505,5319,4674,4899,13.86,1751.7373
506,529,3812,5229,82.31,2169.1698
507,7481,5125,3937,47.02,2645.8871
508,9125,5383,5706,63.82,682.6881
509,1831,240,1843,19.48,8723.8175
510,7079,8165,8549,8.03,2342.6606
511,308,4262,8315,84.62,8659.829
512,8586,6264,6887,46.08,2246.3599
513,725,2577,2805,38.33,9763.4375
514,8544,2710,3548,80.24,4206.732
515,5363,8063,4512,75.28,8738.4425
516,5821,4021,7120,88.24,4304.888
517,8960,3866,5338,61.39,5322.7174
518,7494,3854,8431,94.15,9856.0657
519,3224,4888,6841,89.86,6760.784
520,1121,4031,4806,79.71,7938.7055
521,7849,6137,4208,66.91,8576.3796
522,102,6112,9255,10.36,963.9548
523,9273,4457,8972,17.06,598.7207
524,3279,3544,9212,81.77,1081.8819
525,2424,1050,8208,23.04,6223.8935
526,8406,3578,8789,19.42,1609.4359
527,7596,5119,3016,15.33,2919.1365
528,1358,8014,9076,11.81,8949.5151
529,9173,7174,4395,77.06,2484.2168
530,1392,7015,6679,72.22,9104.4452
531,5453,9785,7638,87.1,421.9269
532,7274,9857,6697,61.52,1514.0752
533,762,1068,3689,88.18,6940.9267
534,4994,8113,9162,84.17,1988.6666
535,1939,1127,2750,3.35,2718.6483
536,6887,9473,7632,38.95,5374.4345
537,8695,8423,2700,58.98,3792.2211
538,8489,4408,3116,66.64,8120.1521
539,7419,4519,7009,30.04,2884.9327
540,5460,8900,9724,86.43,97.013
541,7818,6675,2481,68.81,8953.599
542,4915,852,2202,9.19,4903.8431
543,7806,6423,7173,57.28,5247.3441
544,5983,9411,1556,91.01,1512.2982
545,4276,9750,9927,84.4,2009.384
546,8110,3943,5542,35.01,1461.3065
547,2871,7915,3098,87.99,9142.3604
548,1440,908,6915,57.33,2897.2498
549,1361,6937,3995,65.67,5265.3648
550,7350,9008,989,28.28,7335.8399
551,7258,9012,1703,51.21,9211.6115
552,7840,5636,2448,6.95,3378.9351
553,7717,2786,4266,6.31,2674.4959
554,2450,7547,5356,4.28,8523.824
555,3210,8340,5930,41.89,4380.9293
556,635,7541,6006,34.34,948.5498
557,4570,7410,3255,47.8,672.4584
558,1624,7604,5183,24.42,1215.3903
559,2020,4156,8061,76.98,3518.9014
560,4323,4581,6947,56.28,4959.3652
561,3174,6126,2267,13.77,2907
562,460,5734,3034,27.25,6457.3627
563,1379,736,3126,57.64,7137.9413
564,2773,9500,6778,40.45,6857.8706
565,524,1226,1796,36.03,9116.9074
566,5107,6452,9327,28.7,2418.4288
567,7102,6936,1594,42.06,4298.7354
568,3370,2157,1672,36.7,8317.6991
569,5849,939,6627,98.15,8830.9676
570,4064,4200,157,10.5,7207.1471
571,7244,6778,7211,78.47,3560.1748
572,4145,9274,3508,40.47,5372.7121
573,8187,6,9136,36.13,1770.5333
574,4316,6779,97,20.05,9086.3252
575,5633,1550,4029,17,4188.3684
576,928,5552,1280,32.11,9651.9853
577,173,9990,7764,75.03,8220.4374
578,1849,5724,9977,56.21,1382.7982
579,2924,9683,1093,23.05,3642.9271
580,3512,1631,9469,11.13,4493.2183
581,7801,9765,6300,4.91,6341.5368
582,8901,6936,4552,3.33,1977.7263
583,1424,1327,710,68.18,3631.7176
584,1000,7602,287,24.76,1722.1363
585,4200,4165,9210,83.66,6.2726
586,7091,9929,1879,15.02,7650.807
587,6578,48,1948,79.41,3137.5688
588,3864,7534,1511,86.6,6459.6396
589,833,6436,4197,7.88,1535.5156
590,433,146,7705,10.73,1009.2872
591,898,153,622,63.32,4615.4924
592,2346,9137,3243,74.31,3247.5876
593,7333,7209,6152,17.89,3721.9947
594,1316,4484,5899,11.45,108.0943
595,6491,1605,2248,59.57,7345.8528
596,2335,8630,3112,17.18,431.4388
597,891,6485,6089,77.78,7774.965
598,6598,3263,532,15.61,6140.1112
599,4167,9244,8324,66.49,5066.9015
600,8856,3252,9624,92.16,8067.7421
601,6194,5299,1628,70.6,5929.1294
602,1600,2015,638,96.38,709.6508
603,3936,502,6254,21.09,7013.1265
604,2226,6615,9088,33.74,99.3121
605,8093,6733,4295,41.38,3873.8476
606,4588,3702,3314,53.83,9884.973
607,2202,5413,6309,38.85,8822.8771
608,593,1027,3432,39.19,6904.1669
609,7045,7980,5467,88.67,3740.4427
610,4100,253,1079,12.24,9554.5712
611,5487,7378,4537,55.73,9361.3418
612,6814,7295,7753,94.96,7974.712
613,8077,4496,8639,44.6,2250.167
614,9922,501,4870,1.36,7712.7934
615,2469,3074,1697,79.42,479.9378
616,223,6706,8315,41.13,9331.0666
617,7524,7982,5171,43.12,183.074
618,4305,6901,1948,31.67,7511.9197
619,3350,7312,4361,95.83,8334.3253
620,1175,5653,4631,88.36,2703.3418
621,7542,543,2404,79.68,303.5466
622,1403,1327,893,44.61,3124.2831
623,8631,9145,7205,8.35,5273.1514
624,965,5264,6131,23.09,5100.7321
625,1870,2068,9700,76.03,9938.6523
626,1769,8235,6943,94.12,7019.5669
627,5903,7751,5361,52.25,1632.0847
628,8990,6283,9648,50.1,977.3641
629,4883,4212,6829,92.78,8073.3826
630,8413,3440,5505,52.19,3283.744
631,6064,7351,1852,29.09,4228.5689
632,9795,9219,4103,97.5,1347.5575
633,9028,5776,9296,61.17,5040.0883
634,6834,5062,1385,5.86,3366.3106
635,2340,1797,3618,44.66,6801.7045
636,2755,9862,837,48.8,6474.3732
637,6517,843,6479,14.04,148.3037
638,698,6500,6749,86.02,8169.3634
639,66,3115,2507,59.57,406.7231
640,3796,2379,4253,27.89,6051.8999
641,6997,8371,7305,40.48,5017.8606
642,7829,2378,5570,43.51,5925.5854
643,1935,7937,2563,5.91,6762.801
644,527,5591,8390,19.8,2429.2228
645,7272,2100,5646,79.59,2728.5773
646,7213,7213,4739,34.33,1090.1135
647,3367,4753,8699,23.88,3218.3029
648,9500,1272,9430,71.89,841.358
649,7227,9547,6634,67.92,4985.4241
650,7077,412,8476,49.57,5298.4286
651,1942,3069,852,78.41,3803.4243
652,3661,7612,9570,70.76,2257.8364
653,9466,5004,3099,30.11,4513.5885
654,8943,5195,995,77.11,5136.973
655,337,5610,3781,57.32,6221.094
656,2959,5243,2622,96.27,9782.1065
657,3132,3902,1098,63.87,7373.2228
658,8520,5089,7451,10.21,2445.8646
659,9031,1015,5931,45.11,2037.2379
660,8566,3256,6772,38.06,8557.4099
661,3043,7382,4811,6.59,3120.6866
662,4771,8353,6479,28.5,3924.1494
663,7417,8473,7196,98,8825.909
664,7758,1404,5362,80.21,4425.5214
665,2013,495,5487,87.02,9645.8095
666,1284,4552,7352,61.73,1091.1104
667,63,492,6963,48.93,8789.2533
668,4758,1692,1421,68.73,4686.1637
669,4373,6573,3001,89.96,4055.7787
670,8863,8450,4720,7.13,8402.5635
671,9740,4906,8735,12.01,9208.0299
672,2732,7603,967,22.72,7116.0022
673,8245,9186,3059,16.59,6579.3464
674,3684,4767,2262,75.93,7507.5024
675,7640,3879,4871,48.85,1623.709
676,912,9571,5138,23.51,3385.0898
677,2000,2870,7354,7.07,3658.6856
678,6614,8544,8167,77.41,7768.5765
679,2827,3976,2121,58.59,3376.1127
680,4766,7329,4884,29.05,3757.0957
681,5337,8074,7398,4.83,1350.7102
682,1523,7346,4635,88.29,3237.8291
683,8503,4746,9216,48.71,1004.5613
684,6824,396,8885,47.37,8397.4521
685,9966,1610,7483,9.9,9186.2479
686,2473,3917,3680,19.34,1832.192
687,8988,5947,371,60.65,3604.7723
688,9604,757,1469,30.18,7394.3821
689,5334,8636,5111,6.8,5146.8275
690,9856,2960,9064,79.67,6715.4568
691,444,3353,7647,7.78,9447.7903
692,3750,3876,8884,2.6,5710.9374
693,5454,2908,4576,50.29,1513.862
694,5395,3843,2574,44.91,9540.6686
695,8079,7196,4768,9.51,2775.8239
696,1981,9748,7687,63.4,1587.4787
697,7731,6880,560,47.95,6446.2509
698,2981,3928,3692,18.36,1389.9442
699,907,1324,7084,10.45,9300.9633
700,7658,6831,6456,73.78,7718.7363
701,9603,4896,5709,29.79,8150.1429
702,1686,3353,8531,64.26,4239.6793
703,6354,941,1945,74.56,6726.3971
704,4557,505,8273,51.78,2809.7019
705,8661,3798,1926,11.78,3021.8202
706,1498,2056,9218,52.16,7729.6146
707,2299,501,2316,44.05,7620.8224
708,9160,6649,5452,64.73,8795.0506
709,3977,4217,2607,48.91,420.231
710,89,4761,7134,41.88,8181.0243
711,3394,1786,3441,35.6,1528.0246
712,7787,8988,7203,14.04,8700.1276
713,4768,1322,1969,84.18,5033.1461
714,8881,45,1432,16.94,7863.1058
715,3090,9293,4764,11.3,4512.4582
716,9447,6377,5582,49.16,4054.5745
717,8934,3361,9754,94.23,6339.1976
718,6346,8781,6246,17.75,1509.3026
719,7068,1207,8832,76.45,4228.0529
720,7449,9548,9840,77.27,9695.4523
721,7440,5298,2370,41.42,8443.4553
722,9806,7726,4239,26.67,3920.9703
723,2328,1913,340,10.42,421.5879
724,1385,6989,1814,52.82,4726.55
725,6150,4579,8032,24.34,7146.8146
726,7806,5544,5693,4.85,5536.6388
727,3097,2449,1126,81.21,3653.256
728,2499,8512,1201,8.41,932.9015
729,8597,7786,6897,73.27,1519.977
730,9259,5628,9105,7.52,226.5419
731,8952,2014,7490,28.6,8042.1357
732,1853,1779,8441,2.11,9861.9484
733,7773,8816,1038,27.11,6696.4925
734,1734,4958,8021,80.5,2826.5023
735,6837,3223,8214,97.5,1305.6399
736,1125,9825,2578,42.06,4391.4867
737,3948,5067,9695,84.86,1935.0976
738,4311,5407,133,39.79,9079.6837
739,9533,5582,915,14.02,80.6753
740,6131,7055,1245,33.47,4462.4923
741,9763,636,7729,24.2,9783.209
742,4270,5149,2996,64,9362.1769
743,4277,765,2747,77.46,3889.8899
744,7884,7739,7624,43.01,7645.4067
745,5073,3374,4895,52.17,9573.4906
746,8718,6598,1009,98.83,9429.5956
747,5834,3960,7562,42.32,553.5039
748,4816,466,2148,93.76,907.8861
749,9236,1563,323,65.65,8464.4332
750,1721,3031,8692,16.96,5772.3354
751,4703,1363,3286,97.72,7930.0347
752,2620,767,5030,73.82,1233.3874
753,6545,6988,4907,87.74,4355.5026
754,3988,1493,3719,42.32,1727.3189
755,8991,7300,296,51.8,4864.3196
756,4286,950,8044,93.13,8599.2415
757,1034,6624,6572,99.18,7886.6059
758,4834,6445,4091,67.54,6046.2059
759,3404,7170,9350,78.76,5133.7793
760,3741,2347,4821,30.28,9434.0695
761,9893,2792,1645,12.9,8323.7165
762,3771,2700,4576,68.2,3295.2993
763,8130,2028,4093,30.41,957.9154
764,5684,9956,8819,91.54,9719.1042
765,2379,6912,2659,65.47,6800.2952
766,5950,728,2439,18.29,1626.9391
767,8034,7891,5734,85.23,2726.1519
768,6426,6327,6366,6.61,8030.0613
769,1528,943,7420,58.66,9253.6663
770,4336,1119,8178,78.44,2508.0305
771,8454,1085,135,52.9,5733.2147
772,187,7092,9427,26.93,1677.1973
773,8641,5504,3515,32.2,8669.957
774,3135,4266,1486,44.21,7710.2801
775,9449,4472,6357,4.98,7334.7146
776,7350,8259,2565,99.01,5971.523
777,8922,5674,2540,18.78,4320.5142
778,2797,6477,6921,34.53,1034.3051
779,7663,1487,1423,65.76,5683.0747
780,4260,8423,2704,80.17,4500.3666
781,3587,1319,5174,98.21,1546.0314
782,6716,1768,9125,38.88,7551.9348
783,2001,2698,4031,99.6,4904.219
784,1104,7629,3975,46.53,4489.1635
785,8061,7160,7199,33.83,3236.8327
786,5882,1880,7798,51.93,2823.9951
787,6478,986,6383,70.24,8243.5846
788,7637,4630,2061,53.72,4704.6047
789,8295,615,961,84.81,1413.3339
790,6826,6711,7233,13.78,5083.1521
791,3520,5680,4760,32.59,727.5208
792,8100,4359,3376,22.53,2422.2232
793,7451,5982,2598,73.24,8865.3158
794,9115,3446,8321,74.95,6194.1846
795,5125,2918,164,60.47,1618.8839
796,35,8233,2251,96.97,3569.8344
797,633,9965,6620,77.02,74.5871
798,6874,4529,5598,62.72,7938.2716
799,1891,3562,773,84.83,7378.2194
800,7149,185,1283,33.2,5674.9509
801,1740,6457,9286,32.25,3569.5874
802,7243,5280,2909,14.66,3112.3089
803,1411,3245,2903,91.33,3384.7478
804,3026,3631,6225,66.93,5121.7722
805,8619,892,8592,33.82,7704.0896
806,9269,1306,6437,57.73,9144.4215
807,3749,8095,1821,27.28,2682.187
808,4660,3032,2931,32.58,3210.0246
809,957,3857,6648,40.92,4438.2497
810,9869,5385,6967,89.89,6629.7274
811,8002,6184,2075,64.38,3030.5052
812,7702,1046,8879,55.12,6865.4768
813,4443,8457,2438,32.72,2520.675
814,1369,9633,5406,85.56,3087.1273
815,4556,7900,8076,28.02,2963.4882
816,6200,8347,5769,34.19,9050.1858
817,9136,795,7052,58.84,4314.7051
818,4972,3410,1040,9.99,4389.7052
819,7009,9356,4354,79.86,2946.0564
820,6491,5879,487,33.95,4959.5255
821,3118,3443,4831,75.35,4290.9792
822,3908,5822,5271,52.51,6714.1264
823,8736,2807,7609,7.44,2257.2681
824,7530,4349,9862,30.05,88.9631
825,8236,6896,6819,38.34,6358.7598
826,6471,4424,770,31.01,3042.0314
827,4475,4457,2052,24.16,3149.758
828,1979,7376,149,98.01,1082.7749
829,2363,4171,6857,64.81,7024.2359
830,1582,3665,7571,61.47,7171.3283
831,6102,2865,5347,56.49,7187.2426
832,9135,7818,1072,18.65,9274.1794
833,3619,9815,2133,66.55,5928.4296
834,1380,5179,9836,25.17,2260.6828
835,7620,350,9319,37.75,849.2938
836,7512,1399,2300,78.03,3109.0274
837,4208,3175,4844,24.4,3558.2771
838,1647,4582,6023,4.1,1484.7651
839,4974,6801,9284,79.07,6730.4258
840,4360,4224,959,67.09,3786.2575
841,6914,5723,5909,84.68,6365.7204
842,2653,4560,3411,10.32,7703.4689
843,6706,6089,7729,71.85,1668.811
844,6060,3828,6440,81.35,8468.6922
845,2699,7466,4424,17.16,66.5502
846,3375,5267,4343,25.76,4740.2874
847,9583,9760,5093,95.25,9900.1131
848,208,3736,6248,12.61,2349.8379
849,7834,8425,4741,97.35,7458.4265
850,903,6497,3444,13.41,328.9945
851,185,9853,6653,38.72,5144.6659
852,3673,5216,7973,11.81,898.2309
853,1946,8564,1667,21.38,6066.7729
854,2833,6828,9192,44.13,7269.8527
855,8893,1702,2546,22.48,8216.6398
856,5563,577,6527,4.24,8429.3609
857,1405,2129,9696,43.84,5115.4112
858,6411,8689,9847,78.06,1135.3722
859,6848,4759,5263,34.88,7256.5318
860,1013,3825,1034,10.69,5000.1964
861,6422,4258,4743,90.66,583.9802
862,5840,2962,1606,39.84,9382.0158
863,6585,4997,1914,52.29,686.545
864,7083,1465,4655,31.83,6691.2033
865,6253,9675,1312,30.58,4672.5758
866,3828,3811,4767,3.22,967.7352
867,8436,1696,9157,40.3,6525.5578
868,4663,6271,8340,26.41,672.7534
869,3542,8830,8352,51.76,8076.4498
870,4648,8977,9405,3.4,8928.777
871,7186,8404,3270,50.54,9727.3961
872,5904,3760,8340,56.53,2687.075
873,9248,2947,8423,47.62,6337.9485
874,2677,3158,7681,91.84,1197.3274
875,389,2024,9489,3.64,262.5107
876,2731,6048,8811,75.44,2707.6008
877,253,9175,6253,2.49,5087.2651
878,9242,297,6728,82.29,6520.0094
879,2515,6195,6218,3.25,3707.0588
880,2870,7208,5439,17.37,1802.9451
881,9968,7687,3275,77.62,1426.8693
882,7423,1405,478,12.72,3055.6849
883,3363,1731,8574,71.09,608.5787
884,9772,2926,4690,45.7,9980.208
885,9463,6367,7462,66.08,719.7244
886,8875,7053,7850,82.81,102.7021
887,9420,3449,8088,83.97,8750.9946
888,6948,6380,9103,20.88,5516.0416
889,4178,6530,3531,65.25,5978.3966
890,5977,5867,808,86.24,3280.0348
891,5645,6560,8744,71.71,2532.3202
892,8257,524,7175,6.57,3539.2362
893,8692,1685,4452,77.74,1664.5851
894,4340,2642,7762,75.18,3190.6352
895,4370,8785,9997,73.9,1612.8576
896,2792,197,6795,80.54,1439.4878
897,3526,8153,1998,71.83,8277.1126
898,4365,5244,7598,8.04,6625.7124
899,5292,5306,9044,62.88,7449.7454
900,1714,1802,2514,77.45,2834.3054
901,725,9427,5159,44.05,4633.2483
902,7077,690,8844,19.45,9717.7502
903,8444,772,1179,26.75,270.0268
904,300,6705,4898,53.7,9303.2491
905,6987,5092,1350,48.16,1970.7256
906,8870,1915,5983,68.01,431.218
907,7113,2712,9594,2.98,7054.7969
908,1951,1835,7297,33.68,8208.5587
909,8531,438,4739,55.28,8210.8178
910,5798,395,1853,19.06,3340.3476
911,5418,5118,9985,8.15,4583.5666
912,8573,2510,5472,30.71,481.1692
913,5051,8537,5696,99.63,5126.6725
914,8333,5784,409,25.83,107.4596
915,9421,5363,3311,75.98,3844.6733
916,1911,3387,1053,17.04,998.8266
917,7023,8662,9133,27.51,5664.4777
918,3461,8836,515,47.32,5780.9033
919,2096,9232,663,16.64,7927.3273
920,2556,2994,2774,93.53,8263.3576
921,8878,2786,4238,7.01,866.8272
922,575,9619,541,48.85,4355.9552
923,5341,5008,2999,88.45,1189.7571
924,3864,5060,9240,7.95,6134.6536
925,4608,9050,8390,9.57,3303.1192
926,2843,9650,9131,54.17,9994.1281
927,3811,2331,9235,28.5,7137.2466
928,3330,7986,1985,96.03,919.7494
929,9842,8760,6658,58.38,9491.4432
930,2183,6226,2448,99.82,2239.7838
931,8954,1800,9648,78.01,7430.4981
932,1298,2656,4462,79.05,6132.4505
933,9859,2620,5273,19.32,8972.6057
934,1785,7093,1111,55.34,6380.3936
935,1547,4345,8472,82.6,772.2572
936,4397,7110,5211,57.3,5517.228
937,2269,9692,1343,13.22,3600.8853
938,5044,6961,9558,27.05,5480.9251
939,3170,6753,3961,54.01,7157.1016
940,6208,9724,8576,83.55,5257.3551
941,8975,1463,5875,79.21,8509.1672
942,190,3326,8102,10.1,4287.5932
943,3367,6479,8826,77.56,8620.1529
944,9732,6239,1308,20.81,5041.6998
945,400,93,6778,99.17,8423.0462
946,3730,9234,6983,20.9,9059.3872
947,4000,4732,4886,52.5,473.4212
948,528,5370,5500,90.47,747.8042
949,84,4019,1815,7.66,2371.1917
950,683,4192,9233,2.91,2689.7133
951,909,3030,5907,82.05,8060.0619
952,2327,9807,867,59.16,6442.7772
953,4834,9844,9674,10.38,4141.4734
954,4212,179,7179,52.63,8510.2094
955,5684,1161,668,29.53,1197.3929
956,4072,5948,8101,43.11,2342.0559
957,444,3150,715,30.92,4808.1263
958,3826,4512,4815,30.57,4316.9134
959,6571,1385,3046,52.45,7130.8976
960,2271,3925,8453,47.07,6817.8822
961,4292,5747,5200,50.3,8688.2907
962,5107,1935,9935,10.56,9467.0581
963,6650,9295,7925,90.78,717.0699
964,9171,5670,2314,28.7,1224.3521
965,2765,2585,9161,37.47,3520.4198
966,1226,9913,6674,53.93,9281.4495
967,6256,1310,2840,83.6,2062.2976
968,3626,2096,3555,75.01,9166.1807
969,8144,316,4093,25.57,1405.9322
970,6205,8809,4914,59.31,6286.5966
971,2172,2419,3492,15.13,3536.2206
972,744,3526,8086,88.1,5766.7997
973,3194,4543,9195,98.03,4952.8229
974,3122,8357,4215,58.74,1028.4733
975,5962,4401,6906,97.74,9646.5923
976,5709,6549,529,81.53,7886.0988
977,3999,244,185,45.42,4786.7377
978,9177,8410,2558,58.36,1872.7099
979,6186,8295,4234,10.32,5218.5882
980,960,4526,6172,25.34,667.9845
981,8241,6075,5900,75.04,2291.2087
982,3031,4633,3186,64.7,5576.4978
983,5146,2421,3806,25.86,349.493
984,938,6611,689,61.52,2134.6535
985,4944,7074,3039,71.26,9877.0975
986,8970,3121,5461,28.83,2283.9337
987,4072,3100,2765,62.53,7463.2851
988,9900,3578,5842,13.17,4818.0688
989,7306,7525,2886,84.73,4604.7969
990,3034,8181,3541,87.55,8900.7479
991,237,5018,9334,15.14,4703.7823
992,1179,19,7639,83.1,8458.951
993,7774,5676,4527,35.76,2246.6953
994,3468,5422,8164,61.58,5374.4237
995,4438,8396,8416,46.32,6899.9309
996,4830,6684,6539,27.45,3208.2333
997,2539,2233,2516,60.36,3664.771
998,5182,8348,294,58.2,7611.7799
999,6715,5783,4085,81.51,5195.1085
1000,9589,8448,6544,30.39,4795.1309